,Unnamed: 0,player_name,team_abbreviation,age,player_height,player_weight,college,country,draft_year,draft_round,draft_number,gp,pts,reb,ast,net_rating,oreb_pct,dreb_pct,usg_pct,ts_pct,ast_pct,season
38,38,Dexter Boney,PHX,27.0,193.04,83.91452,Nevada-Las Vegas,USA,Undrafted,Undrafted,Undrafted,8,2.4,0.8,0.0,-19.6,0.0579999999999999,0.071,0.231,0.422,0.0,1996-97
56,56,Horacio Llamas,PHX,23.0,210.82,129.27372,Grand Canyon,USA,Undrafted,Undrafted,Undrafted,20,1.7,0.9,0.2,11.5,0.048,0.1369999999999999,0.19,0.539,0.0559999999999999,1996-97
57,57,Hot Rod Williams,PHX,34.0,210.82,111.13004,Tulane,USA,1985,2,45,68,8.0,8.3,1.5,4.3,0.099,0.1989999999999999,0.122,0.5379999999999999,0.067,1996-97
72,72,Jason Kidd,PHX,24.0,193.04,94.347136,California,USA,1994,1,2,55,10.9,4.5,9.0,2.4,0.039,0.106,0.17,0.498,0.37,1996-97
114,114,Ben Davis,PHX,24.0,205.74,108.86208,Arizona,USA,1996,2,43,20,1.5,1.4,0.0,-0.4,0.132,0.192,0.156,0.417,0.0,1996-97
181,181,Danny Manning,PHX,31.0,208.28,106.140528,Kansas,USA,1988,1,1,77,13.5,6.1,2.2,3.1,0.079,0.184,0.2269999999999999,0.574,0.136,1996-97
201,201,Cedric Ceballos,PHX,27.0,200.66,102.0582,Cal State-Fullerton,USA,1990,2,48,50,14.6,6.6,1.3,4.1,0.088,0.181,0.246,0.522,0.073,1996-97
262,262,Rex Chapman,PHX,29.0,193.04,88.45044,Kentucky,USA,1988,1,8,65,13.8,2.8,2.8,2.7,0.016,0.099,0.223,0.551,0.159,1996-97
294,294,Wayman Tisdale,PHX,33.0,205.74,117.93392,Oklahoma,USA,1985,1,2,53,6.5,2.3,0.4,-3.5,0.052,0.127,0.253,0.441,0.045,1996-97
295,295,Wesley Person,PHX,26.0,198.12,88.45044,Auburn,USA,1994,1,23,80,13.5,3.7,1.5,0.7,0.033,0.114,0.195,0.5670000000000001,0.084,1996-97
310,310,Steve Nash,PHX,23.0,190.5,88.45044,Santa Clara,Canada,1996,1,15,65,3.3,1.0,2.1,-8.5,0.026,0.083,0.17,0.539,0.301,1996-97
317,317,Tony Dumas,PHX,24.0,198.12,86.18248,Missouri-Kansas City,USA,1994,1,19,24,3.6,0.7,1.0,-4.1,0.012,0.055,0.1989999999999999,0.402,0.134,1996-97
338,338,Kevin Johnson,PHX,31.0,185.42,86.18248,California,USA,1987,1,7,70,20.1,3.6,9.3,2.9,0.024,0.085,0.226,0.631,0.3879999999999999,1996-97
372,372,Loren Meyer,PHX,24.0,208.28,117.93392,Iowa State,USA,1995,1,24,54,4.9,2.7,0.4,-6.7,0.085,0.14,0.215,0.489,0.046,1996-97
394,394,Mike Brown,PHX,33.0,208.28,117.93392,George Washington,USA,1985,3,69,6,2.7,4.2,0.8,1.7,0.141,0.271,0.109,0.488,0.089,1996-97
427,427,Mark Bryant,PHX,32.0,205.74,111.13004,Seton Hall,USA,1988,1,21,41,9.3,5.2,1.1,3.3,0.084,0.186,0.1669999999999999,0.589,0.072,1996-97
441,441,Marko Milic,PHX,21.0,198.12,106.59412,None,Slovenia,1997,2,33,33,2.8,0.8,0.4,7.4,0.076,0.099,0.245,0.644,0.113,1997-98
457,457,Mark Bryant,PHX,33.0,205.74,111.13004,Seton Hall,USA,1988,1,21,70,4.2,3.5,0.7,6.5,0.106,0.16,0.134,0.545,0.059,1997-98
543,543,Kevin Johnson,PHX,32.0,185.42,86.18248,California,USA,1987,1,7,50,9.5,3.3,4.9,6.8,0.034,0.114,0.1889999999999999,0.555,0.288,1997-98
626,626,Rex Chapman,PHX,30.0,193.04,88.45044,Kentucky,USA,1988,1,8,68,15.9,2.5,3.0,3.2,0.015,0.072,0.2289999999999999,0.521,0.149,1997-98
635,635,Steve Nash,PHX,24.0,190.5,88.45044,Santa Clara,Canada,1996,1,15,76,9.1,2.1,3.4,8.1,0.023,0.089,0.195,0.556,0.249,1997-98
672,672,Clifford Robinson,PHX,31.0,208.28,102.0582,Connecticut,USA,1989,2,36,80,14.2,5.1,2.1,5.2,0.079,0.129,0.23,0.5379999999999999,0.1169999999999999,1997-98
714,714,Dennis Scott,PHX,29.0,203.2,103.872568,Georgia Tech,USA,1990,1,4,81,11.0,3.0,1.9,-4.7,0.023,0.1,0.1989999999999999,0.502,0.115,1997-98
715,715,Danny Manning,PHX,32.0,208.28,106.140528,Kansas,USA,1988,1,1,70,13.5,5.6,2.0,8.0,0.073,0.178,0.241,0.5539999999999999,0.138,1997-98
740,740,Antonio McDyess,PHX,23.0,205.74,99.79024,Alabama,USA,1995,1,2,81,15.1,7.6,1.3,4.1,0.102,0.188,0.2269999999999999,0.5710000000000001,0.076,1997-98
812,812,George McCloud,PHX,31.0,203.2,102.0582,Florida State,USA,1989,1,7,63,7.2,3.5,1.3,3.5,0.042,0.1669999999999999,0.1889999999999999,0.507,0.105,1997-98
852,852,Jason Kidd,PHX,25.0,193.04,96.161504,California,USA,1994,1,2,82,11.6,6.2,9.1,5.1,0.0409999999999999,0.149,0.176,0.502,0.356,1997-98
875,875,Horacio Llamas,PHX,24.0,210.82,129.27372,Grand Canyon,USA,Undrafted,Undrafted,Undrafted,8,3.0,2.3,0.1,20.3,0.108,0.226,0.331,0.472,0.034,1997-98
876,876,Hot Rod Williams,PHX,35.0,210.82,111.13004,Tulane,USA,1985,2,45,71,3.6,4.4,0.7,8.7,0.096,0.163,0.096,0.525,0.053,1997-98
941,941,Danny Manning,PHX,33.0,208.28,110.676448,Kansas,USA,1988,1,1,50,9.1,4.4,2.3,3.9,0.064,0.16,0.2,0.52,0.168,1998-99
945,945,Clifford Robinson,PHX,32.0,208.28,102.0582,Connecticut,USA,1989,2,36,50,16.4,4.5,2.6,6.2,0.045,0.108,0.218,0.5589999999999999,0.128,1998-99
961,961,Chris Morris,PHX,33.0,203.2,103.418976,Auburn,USA,1988,1,4,44,4.2,2.8,0.5,4.0,0.111,0.15,0.161,0.544,0.073,1998-99
982,982,Toby Bailey,PHX,23.0,198.12,96.615096,UCLA,USA,1998,2,45,27,2.9,2.0,0.5,-7.3,0.1009999999999999,0.146,0.185,0.425,0.083,1998-99
989,989,Tom Gugliotta,PHX,29.0,208.28,108.86208,North Carolina State,USA,1992,1,6,43,17.0,8.9,2.8,4.9,0.095,0.188,0.222,0.545,0.134,1998-99
1021,1021,Alvin Sims,PHX,24.0,193.04,106.59412,Louisville,USA,Undrafted,Undrafted,Undrafted,4,2.8,1.0,1.3,-30.0,0.143,0.045,0.272,0.451,0.3329999999999999,1998-99
1051,1051,Shawn Respert,PHX,27.0,185.42,88.45044,Michigan State,USA,1995,1,8,12,3.1,1.1,0.7,-1.4,0.023,0.1159999999999999,0.218,0.4579999999999999,0.17,1998-99
1068,1068,Marko Milic,PHX,22.0,198.12,106.59412,None,Slovenia,1997,2,33,11,1.5,0.5,0.2,-19.5,0.061,0.044,0.2189999999999999,0.4,0.074,1998-99
1116,1116,Luc Longley,PHX,30.0,218.44,117.93392,New Mexico,USA,1991,1,7,39,8.7,5.7,1.2,4.8,0.072,0.2019999999999999,0.188,0.524,0.0819999999999999,1998-99
1157,1157,Rex Chapman,PHX,31.0,193.04,88.45044,Kentucky,USA,1988,1,8,38,12.1,2.7,2.9,4.3,0.011,0.091,0.215,0.46,0.149,1998-99
1167,1167,Pat Garrity,PHX,22.0,205.74,107.954896,Notre Dame,USA,1998,1,19,39,5.6,1.9,0.5,3.2,0.0579999999999999,0.107,0.185,0.557,0.055,1998-99
1179,1179,Randy Livingston,PHX,24.0,193.04,94.800728,Louisiana State,USA,1996,2,42,1,12.0,2.0,3.0,16.8,0.0,0.095,0.22,0.6759999999999999,0.25,1998-99
1210,1210,George McCloud,PHX,32.0,203.2,102.0582,Florida State,USA,1989,1,7,48,8.9,3.4,1.6,1.4,0.032,0.125,0.153,0.591,0.1009999999999999,1998-99
1211,1211,Gerald Brown,PHX,23.0,193.04,95.25432,Pepperdine,USA,Undrafted,Undrafted,Undrafted,33,2.4,0.7,0.9,-12.1,0.022,0.078,0.226,0.42,0.23,1998-99
1262,1262,Jimmy Oliver,PHX,29.0,195.58,92.98636,Purdue,USA,1991,2,39,2,1.5,0.0,0.0,2.1,0.0,0.0,0.131,0.5,0.0,1998-99
1264,1264,Joe Kleine,PHX,37.0,213.36,122.923432,Arkansas,USA,1985,1,6,31,2.2,2.2,0.4,-7.6,0.084,0.135,0.113,0.429,0.05,1998-99
1311,1311,Jason Kidd,PHX,26.0,193.04,96.161504,California,USA,1994,1,2,50,16.9,6.8,10.8,6.5,0.048,0.146,0.213,0.527,0.431,1998-99
1370,1370,Don MacLean,PHX,30.0,208.28,106.59412,UCLA,USA,1992,1,19,16,2.6,1.4,0.5,-8.5,0.043,0.138,0.179,0.407,0.1,1999-00
1380,1380,Jason Kidd,PHX,27.0,193.04,96.161504,California,USA,1994,1,2,67,14.3,7.2,10.1,5.8,0.0409999999999999,0.1639999999999999,0.1989999999999999,0.498,0.395,1999-00
1438,1438,Ben Davis,PHX,27.0,205.74,111.13004,Arizona,USA,1996,2,43,5,0.8,1.8,0.4,-30.9,0.125,0.375,0.188,0.3329999999999999,0.1669999999999999,1999-00
1471,1471,Anfernee Hardaway,PHX,28.0,200.66,97.52228,Memphis,USA,1993,1,3,60,16.9,5.8,5.3,8.8,0.047,0.121,0.212,0.5489999999999999,0.23,1999-00
1491,1491,Clifford Robinson,PHX,33.0,208.28,102.0582,Connecticut,USA,1989,2,36,80,18.5,4.5,2.8,4.6,0.042,0.096,0.2289999999999999,0.564,0.134,1999-00
1494,1494,Corie Blount,PHX,31.0,208.28,109.769264,Cincinnati,USA,1993,1,25,38,2.8,3.0,0.3,5.8,0.129,0.161,0.129,0.517,0.032,1999-00
1558,1558,Shawn Marion,PHX,22.0,200.66,97.52228,Nevada-Las Vegas,USA,1999,1,9,51,10.2,6.5,1.4,5.5,0.094,0.195,0.1939999999999999,0.511,0.089,1999-00
1568,1568,Rex Chapman,PHX,32.0,193.04,83.91452,Kentucky,USA,1988,1,8,53,6.6,1.5,1.2,-0.8,0.012,0.081,0.182,0.491,0.099,1999-00
1581,1581,Rodney Rogers,PHX,29.0,200.66,115.66596,Wake Forest,USA,1993,1,9,82,13.8,5.5,2.1,9.6,0.07,0.146,0.222,0.57,0.128,1999-00
1634,1634,Toby Bailey,PHX,24.0,198.12,96.615096,UCLA,USA,1998,2,45,46,3.5,1.6,0.7,3.5,0.063,0.1119999999999999,0.18,0.483,0.099,1999-00
1635,1635,Todd Day,PHX,30.0,198.12,85.275296,Arkansas,USA,1992,1,8,58,6.8,2.2,1.1,9.5,0.038,0.115,0.1969999999999999,0.524,0.105,1999-00
1638,1638,Tom Gugliotta,PHX,30.0,208.28,108.86208,North Carolina State,USA,1992,1,6,54,13.7,7.9,2.3,7.3,0.092,0.18,0.205,0.519,0.113,1999-00
1664,1664,Luc Longley,PHX,31.0,218.44,117.93392,New Mexico,USA,1991,1,7,72,6.3,4.5,1.1,0.5,0.078,0.171,0.182,0.512,0.086,1999-00
1697,1697,Kevin Johnson,PHX,34.0,185.42,86.18248,California,USA,1987,1,7,6,6.7,2.7,4.0,21.3,0.0,0.131,0.16,0.644,0.324,1999-00
1709,1709,Oliver Miller,PHX,30.0,205.74,142.88148,Arkansas,USA,1992,1,22,51,6.3,5.1,1.3,6.0,0.093,0.1669999999999999,0.1369999999999999,0.609,0.095,1999-00
1725,1725,Randy Livingston,PHX,25.0,193.04,94.800728,Louisiana State,USA,1996,2,42,79,4.8,1.6,2.2,1.4,0.026,0.109,0.203,0.476,0.254,1999-00
1732,1732,Mark West,PHX,39.0,208.28,104.32616,Old Dominion,USA,1983,2,30,22,0.7,1.4,0.1,-4.1,0.048,0.217,0.075,0.483,0.023,1999-00
1781,1781,Elliot Perry,PHX,32.0,182.88,68.945984,Memphis,USA,1991,2,37,49,3.0,0.9,1.6,3.3,0.02,0.083,0.166,0.491,0.248,2000-01
1789,1789,Daniel Santiago,PHX,25.0,215.9,116.119552,Saint Vincent,Puerto Rico,Undrafted,Undrafted,Undrafted,54,3.1,1.9,0.2,0.4,0.068,0.132,0.156,0.528,0.03,2000-01
1833,1833,Vinny Del Negro,PHX,34.0,193.04,90.7184,North Carolina State,USA,1988,2,29,65,3.9,1.3,1.9,-2.1,0.0139999999999999,0.091,0.1369999999999999,0.501,0.213,2000-01
1871,1871,Anfernee Hardaway,PHX,29.0,200.66,97.52228,Memphis,USA,1993,1,3,4,9.8,4.5,3.8,-3.1,0.045,0.13,0.173,0.477,0.2239999999999999,2000-01
1906,1906,Jake Tsakalidis,PHX,22.0,218.44,129.27372,None,Greece,2000,1,25,57,4.5,4.2,0.3,-3.1,0.0969999999999999,0.187,0.155,0.502,0.033,2000-01
1938,1938,Clifford Robinson,PHX,34.0,208.28,102.0582,Connecticut,USA,1989,2,36,82,16.4,4.1,2.9,2.2,0.043,0.095,0.251,0.501,0.155,2000-01
1950,1950,Chris Dudley,PHX,36.0,210.82,117.93392,Yale,USA,1987,4,75,53,1.4,3.5,0.3,1.5,0.114,0.2239999999999999,0.084,0.405,0.04,2000-01
1984,1984,Mario Elie,PHX,37.0,195.58,102.0582,American International,USA,1985,7,160,68,4.4,2.3,1.9,2.4,0.0279999999999999,0.09,0.1009999999999999,0.541,0.133,2000-01
2051,2051,Jason Kidd,PHX,28.0,193.04,96.161504,California,USA,1994,1,2,77,16.9,6.4,9.8,2.0,0.033,0.151,0.2269999999999999,0.51,0.419,2000-01
2102,2102,Shawn Marion,PHX,23.0,200.66,97.52228,Nevada-Las Vegas,USA,1999,1,9,79,17.3,10.7,2.0,4.8,0.086,0.254,0.222,0.532,0.102,2000-01
2126,2126,Tony Delk,PHX,27.0,187.96,85.728888,Kentucky,USA,1996,1,16,82,12.3,3.2,2.0,2.0,0.038,0.093,0.217,0.49,0.118,2000-01
2142,2142,Tom Gugliotta,PHX,31.0,208.28,108.86208,North Carolina State,USA,1992,1,6,57,6.4,4.5,1.0,2.1,0.071,0.178,0.179,0.437,0.078,2000-01
2185,2185,Rodney Rogers,PHX,30.0,200.66,115.66596,Wake Forest,USA,1993,1,9,82,12.2,4.4,2.2,1.3,0.049,0.144,0.2319999999999999,0.507,0.145,2000-01
2219,2219,Milt Palacio,PHX,24.0,190.5,88.45044,Colorado State,Belize,Undrafted,Undrafted,Undrafted,69,3.3,1.1,1.2,-4.5,0.015,0.095,0.17,0.4679999999999999,0.1889999999999999,2001-02
2272,2272,John Wallace,PHX,28.0,205.74,102.0582,Syracuse,USA,1996,1,18,46,5.0,1.8,0.6,-6.9,0.064,0.136,0.24,0.493,0.099,2001-02
2320,2320,Tom Gugliotta,PHX,32.0,208.28,108.86208,North Carolina State,USA,1992,1,6,44,6.5,5.0,1.8,-1.2,0.057,0.161,0.15,0.449,0.1,2001-02
2353,2353,Vinny Del Negro,PHX,35.0,193.04,83.91452,North Carolina State,USA,1988,2,29,2,1.0,0.0,1.0,-3.1,0.0,0.0,0.405,0.25,0.667,2001-02
2395,2395,Stephon Marbury,PHX,25.0,187.96,81.64656,Georgia Tech,USA,1996,1,4,82,20.4,3.2,8.1,-1.7,0.026,0.069,0.265,0.519,0.355,2001-02
2401,2401,Shawn Marion,PHX,24.0,200.66,97.52228,Nevada-Las Vegas,USA,1999,1,9,81,19.1,9.9,2.0,0.0,0.075,0.217,0.235,0.518,0.091,2001-02
2418,2418,Joe Johnson,PHX,21.0,200.66,102.0582,Arkansas,USA,2001,1,10,77,7.5,3.3,2.3,-0.4,0.042,0.106,0.162,0.478,0.151,2001-02
2456,2456,Daniel Santiago,PHX,26.0,215.9,116.119552,Saint Vincent,Puerto Rico,Undrafted,Undrafted,Undrafted,3,2.7,2.3,0.7,-21.1,0.0,0.292,0.185,0.5,0.2,2001-02
2470,2470,Dan Majerle,PHX,36.0,198.12,100.697424,Central Michigan,USA,1988,1,14,65,4.6,2.7,1.4,1.9,0.026,0.142,0.129,0.49,0.1119999999999999,2001-02
2480,2480,Anfernee Hardaway,PHX,30.0,200.66,97.52228,Memphis,USA,1993,1,3,80,12.0,4.4,4.1,-1.9,0.044,0.119,0.218,0.472,0.211,2001-02
2487,2487,Alton Ford,PHX,21.0,205.74,124.7378,Houston,USA,2001,2,50,53,3.1,2.0,0.1,-8.7,0.085,0.193,0.175,0.573,0.027,2001-02
2516,2516,Bo Outlaw,PHX,31.0,203.2,95.25432,Houston,USA,Undrafted,Undrafted,Undrafted,83,4.5,4.4,1.5,2.1,0.088,0.128,0.104,0.547,0.0969999999999999,2001-02
2531,2531,Jake Voskuhl,PHX,24.0,210.82,111.13004,Connecticut,USA,2000,2,33,59,5.0,4.2,0.3,-4.2,0.127,0.193,0.144,0.614,0.031,2001-02
2532,2532,Jake Tsakalidis,PHX,23.0,218.44,129.27372,None,Greece,2000,1,25,67,7.3,5.6,0.3,1.1,0.09,0.171,0.156,0.522,0.022,2001-02
2556,2556,Joe Crispin,PHX,22.0,182.88,83.91452,Penn State,USA,Undrafted,Undrafted,Undrafted,21,3.8,0.5,1.2,-5.3,0.0139999999999999,0.068,0.239,0.536,0.2769999999999999,2001-02
2645,2645,Joe Johnson,PHX,22.0,200.66,106.59412,Arkansas,USA,2001,1,10,82,9.8,3.2,2.6,1.4,0.0279999999999999,0.104,0.191,0.472,0.151,2002-03
2663,2663,Casey Jacobsen,PHX,22.0,198.12,97.52228,Stanford,USA,2002,1,22,72,5.1,1.2,1.0,4.3,0.0279999999999999,0.054,0.166,0.493,0.1009999999999999,2002-03
2709,2709,Anfernee Hardaway,PHX,31.0,200.66,97.52228,Memphis,USA,1993,1,3,58,10.6,4.4,4.1,0.5,0.043,0.123,0.192,0.499,0.21,2002-03
2713,2713,Amar'e Stoudemire,PHX,20.0,208.28,111.13004,None,USA,2002,1,9,82,13.5,8.8,1.0,-0.8,0.109,0.206,0.214,0.53,0.05,2002-03
2716,2716,Alton Ford,PHX,22.0,205.74,127.00576,Houston,USA,2001,2,50,11,0.6,0.5,0.1,-16.7,0.0,0.207,0.183,0.3389999999999999,0.071,2002-03
2739,2739,Bo Outlaw,PHX,32.0,203.2,99.79024,Houston,USA,Undrafted,Undrafted,Undrafted,80,4.7,4.6,1.4,5.9,0.086,0.145,0.103,0.574,0.094,2002-03
2752,2752,Dan Langhi,PHX,25.0,210.82,99.79024,Vanderbilt,USA,2000,2,31,60,3.1,1.5,0.4,11.1,0.039,0.148,0.192,0.434,0.061,2002-03
2777,2777,Jake Tsakalidis,PHX,24.0,218.44,131.54168,None,Greece,2000,1,25,33,4.9,3.7,0.4,-6.4,0.091,0.16,0.153,0.501,0.038,2002-03
2800,2800,Jake Voskuhl,PHX,25.0,210.82,111.13004,Connecticut,USA,2000,2,33,65,3.8,3.5,0.6,5.8,0.111,0.16,0.118,0.604,0.0559999999999999,2002-03
2857,2857,Scott Williams,PHX,35.0,208.28,117.93392,North Carolina,USA,Undrafted,Undrafted,Undrafted,69,4.0,2.8,0.3,-4.8,0.091,0.163,0.177,0.44,0.0409999999999999,2002-03
2869,2869,Shawn Marion,PHX,25.0,200.66,97.52228,Nevada-Las Vegas,USA,1999,1,9,81,21.2,9.5,2.4,0.8,0.066,0.1939999999999999,0.2319999999999999,0.5379999999999999,0.104,2002-03
2903,2903,Stephon Marbury,PHX,26.0,187.96,92.98636,Georgia Tech,USA,1996,1,4,81,22.3,3.2,8.1,1.5,0.018,0.074,0.2739999999999999,0.52,0.357,2002-03
2947,2947,Tom Gugliotta,PHX,33.0,208.28,113.398,North Carolina State,USA,1992,1,6,27,4.8,3.7,1.1,-8.3,0.065,0.191,0.171,0.474,0.114,2002-03
2958,2958,Randy Brown,PHX,35.0,187.96,86.18248,New Mexico State,USA,1991,2,31,32,1.3,0.8,1.1,-1.2,0.0139999999999999,0.107,0.118,0.425,0.216,2002-03
3131,3131,Leandro Barbosa,PHX,21.0,190.5,79.83219199999998,None,Brazil,2003,1,28,70,7.9,1.8,2.4,-4.0,0.018,0.075,0.183,0.5529999999999999,0.175,2003-04
3164,3164,Maciej Lampe,PHX,19.0,210.82,108.86208,None,Poland,2003,2,30,21,4.6,2.1,0.4,-11.8,0.048,0.1669999999999999,0.218,0.512,0.069,2003-04
3174,3174,Zarko Cabarkapa,PHX,23.0,210.82,106.59412,None,Serbia and Montenegro,2003,1,17,49,4.1,2.0,0.8,-11.7,0.052,0.146,0.213,0.461,0.12,2003-04
3265,3265,Shawn Marion,PHX,26.0,200.66,97.52228,Nevada-Las Vegas,USA,1999,1,9,79,19.0,9.3,2.7,-2.9,0.074,0.1889999999999999,0.2269999999999999,0.513,0.1159999999999999,2003-04
3304,3304,Casey Jacobsen,PHX,23.0,198.12,97.52228,Stanford,USA,2002,1,22,78,6.0,2.6,1.3,-3.1,0.026,0.099,0.118,0.57,0.084,2003-04
3355,3355,Amar'e Stoudemire,PHX,21.0,208.28,111.13004,None,USA,2002,1,9,55,20.6,9.0,1.4,-2.8,0.088,0.188,0.2739999999999999,0.536,0.07,2003-04
3382,3382,Antonio McDyess,PHX,29.0,205.74,111.13004,Alabama,USA,1995,1,2,42,6.9,6.1,0.9,-0.3,0.09,0.222,0.176,0.486,0.066,2003-04
3418,3418,Jake Voskuhl,PHX,26.0,210.82,111.13004,Connecticut,USA,2000,2,33,66,6.6,5.2,0.9,-1.0,0.086,0.1639999999999999,0.129,0.5770000000000001,0.053,2003-04
3420,3420,Jahidi White,PHX,28.0,205.74,131.54168,Georgetown,USA,1998,2,43,62,4.2,4.2,0.1,-5.4,0.129,0.209,0.161,0.532,0.013,2003-04
3439,3439,Joe Johnson,PHX,23.0,200.66,106.59412,Arkansas,USA,2001,1,10,82,16.7,4.7,4.4,-2.9,0.027,0.103,0.216,0.491,0.187,2003-04
3468,3468,Donnell Harvey,PHX,23.0,203.2,99.79024,Florida,USA,2000,1,22,60,4.0,2.7,0.4,-6.2,0.071,0.1669999999999999,0.162,0.503,0.045,2003-04
3483,3483,Howard Eisley,PHX,31.0,187.96,81.64656,Boston College,USA,1994,2,30,67,6.9,1.9,4.1,-5.8,0.016,0.087,0.187,0.469,0.31,2003-04
3533,3533,Yuta Tabuse,PHX,24.0,175.26,74.84268,Brigham Young-Hawaii,USA,Undrafted,Undrafted,Undrafted,4,1.8,1.0,0.8,2.7,0.087,0.105,0.192,0.451,0.25,2004-05
3567,3567,Walter McCarty,PHX,31.0,208.28,104.32616,Kentucky,USA,1996,1,19,72,3.6,1.9,0.5,-0.3,0.037,0.143,0.143,0.525,0.067,2004-05
3576,3576,Steven Hunter,PHX,23.0,213.36,108.86208,DePaul,USA,2001,1,15,76,4.6,3.0,0.2,2.9,0.1009999999999999,0.123,0.139,0.596,0.018,2004-05
3577,3577,Steve Nash,PHX,31.0,190.5,88.45044,Santa Clara,Canada,1996,1,15,75,15.5,3.3,11.5,13.3,0.025,0.078,0.205,0.606,0.46,2004-05
3584,3584,Smush Parker,PHX,24.0,193.04,81.64656,Fordham,USA,Undrafted,Undrafted,Undrafted,16,3.0,0.8,0.9,-25.2,0.033,0.066,0.2319999999999999,0.493,0.254,2004-05
3586,3586,Shawn Marion,PHX,27.0,200.66,103.418976,Nevada-Las Vegas,USA,1999,1,9,81,19.4,11.3,1.9,10.8,0.085,0.223,0.212,0.556,0.072,2004-05
3640,3640,Bo Outlaw,PHX,34.0,203.2,99.79024,Houston,USA,Undrafted,Undrafted,Undrafted,39,0.7,1.4,0.3,-6.8,0.08,0.18,0.0969999999999999,0.382,0.098,2004-05
3666,3666,Amar'e Stoudemire,PHX,22.0,208.28,111.13004,None,USA,2002,1,9,80,26.0,8.9,1.6,10.8,0.088,0.177,0.286,0.617,0.075,2004-05
3778,3778,Leandro Barbosa,PHX,22.0,190.5,85.275296,None,Brazil,2003,1,28,63,7.0,2.1,2.0,-0.5,0.033,0.092,0.19,0.575,0.187,2004-05
3799,3799,Joe Johnson,PHX,24.0,200.66,104.32616,Arkansas,USA,2001,1,10,82,17.1,5.1,3.5,9.4,0.042,0.094,0.19,0.556,0.13,2004-05
3805,3805,Jake Voskuhl,PHX,27.0,210.82,115.66596,Connecticut,USA,2000,2,33,38,2.1,2.4,0.4,7.5,0.096,0.177,0.1159999999999999,0.528,0.065,2004-05
3830,3830,Jim Jackson,PHX,34.0,198.12,99.79024,Ohio State,USA,1992,1,4,64,10.5,4.2,2.9,0.6,0.019,0.125,0.1639999999999999,0.5529999999999999,0.147,2004-05
3869,3869,Quentin Richardson,PHX,25.0,198.12,104.32616,DePaul,USA,2000,1,18,79,14.9,6.1,2.0,9.3,0.035,0.138,0.188,0.522,0.077,2004-05
3875,3875,Paul Shirley,PHX,27.0,208.28,104.32616,Iowa State,USA,Undrafted,Undrafted,Undrafted,9,1.3,0.2,0.3,-49.0,0.04,0.036,0.223,0.47,0.2,2004-05
3981,3981,Eddie House,PHX,28.0,185.42,79.3786,Arizona State,USA,2000,2,37,81,9.8,1.6,1.8,3.7,0.012,0.088,0.272,0.512,0.17,2005-06
4012,4012,Dijon Thompson,PHX,23.0,200.66,88.45044,UCLA,USA,2005,2,54,10,2.8,1.1,0.1,-8.7,0.093,0.156,0.272,0.541,0.042,2005-06
4079,4079,James Jones,PHX,25.0,203.2,99.79024,Miami (FL),USA,2003,2,49,75,9.3,3.4,0.8,6.7,0.0279999999999999,0.131,0.17,0.551,0.044,2005-06
4109,4109,Boris Diaw,PHX,24.0,203.2,97.52228,None,France,2003,1,21,81,13.3,6.9,6.2,9.3,0.063,0.151,0.179,0.564,0.245,2005-06
4127,4127,Amar'e Stoudemire,PHX,23.0,208.28,111.13004,None,USA,2002,1,9,3,8.7,5.3,0.7,-2.3,0.113,0.208,0.2769999999999999,0.42,0.063,2005-06
4176,4176,Brian Grant,PHX,34.0,205.74,115.212368,Xavier,USA,1994,1,8,21,2.9,2.7,0.3,-2.0,0.048,0.198,0.1369999999999999,0.445,0.039,2005-06
4224,4224,Sharrod Ford,PHX,24.0,205.74,106.59412,Clemson,USA,Undrafted,Undrafted,Undrafted,3,1.3,1.0,0.0,-24.7,0.111,0.133,0.162,0.667,0.0,2005-06
4236,4236,Raja Bell,PHX,29.0,195.58,95.25432,Florida International,U.S. Virgin Islands,Undrafted,Undrafted,Undrafted,79,14.7,3.2,2.6,7.0,0.017,0.077,0.165,0.584,0.098,2005-06
4256,4256,Shawn Marion,PHX,28.0,200.66,103.418976,Nevada-Las Vegas,USA,1999,1,9,81,21.8,11.8,1.8,7.1,0.086,0.238,0.222,0.591,0.068,2005-06
4295,4295,Steve Nash,PHX,32.0,190.5,88.45044,Santa Clara,Canada,1996,1,15,79,18.8,4.2,10.5,8.8,0.02,0.1119999999999999,0.233,0.632,0.435,2005-06
4303,4303,Tim Thomas,PHX,29.0,208.28,108.86208,Villanova,USA,1997,1,7,29,10.3,4.5,0.7,0.1,0.037,0.1889999999999999,0.209,0.535,0.042,2005-06
4324,4324,Leandro Barbosa,PHX,23.0,190.5,85.275296,None,Brazil,2003,1,28,57,13.1,2.6,2.8,3.5,0.022,0.0819999999999999,0.201,0.589,0.143,2005-06
4327,4327,Kurt Thomas,PHX,33.0,205.74,106.59412,Texas Christian,USA,1995,1,10,53,8.6,7.8,1.1,9.5,0.083,0.239,0.157,0.527,0.057,2005-06
4346,4346,Josh Davis,PHX,25.0,203.2,109.769264,Wyoming,USA,Undrafted,Undrafted,Undrafted,6,1.0,0.7,0.2,-44.7,0.136,0.059,0.211,0.361,0.125,2005-06
4392,4392,Nikoloz Tskitishvili,PHX,23.0,213.36,102.0582,None,Georgia,2002,1,5,17,2.1,1.3,0.2,-13.3,0.087,0.131,0.2189999999999999,0.417,0.057,2005-06
4397,4397,Pat Burke,PHX,32.0,210.82,113.398,Auburn,Ireland,Undrafted,Undrafted,Undrafted,42,3.4,1.7,0.4,-4.9,0.067,0.147,0.213,0.517,0.071,2005-06
4436,4436,James Jones,PHX,26.0,203.2,99.79024,Miami (FL),USA,2003,2,49,76,6.4,2.3,0.6,7.5,0.0279999999999999,0.1169999999999999,0.1669999999999999,0.51,0.048,2006-07
4448,4448,Jalen Rose,PHX,34.0,203.2,97.52228,Michigan,USA,1994,1,13,29,3.7,0.8,0.6,-7.2,0.0139999999999999,0.096,0.187,0.5920000000000001,0.119,2006-07
4478,4478,Jumaine Jones,PHX,28.0,203.2,104.32616,Georgia,USA,1999,1,27,18,2.2,1.3,0.1,-5.8,0.045,0.153,0.195,0.386,0.011,2006-07
4559,4559,Eric Piatkowski,PHX,36.0,200.66,97.52228,Nebraska,USA,1994,1,15,11,2.5,0.8,0.4,-7.8,0.03,0.1009999999999999,0.208,0.522,0.085,2006-07
4596,4596,Raja Bell,PHX,30.0,195.58,95.25432,Florida International,U.S. Virgin Islands,Undrafted,Undrafted,Undrafted,78,14.7,3.2,2.5,9.1,0.02,0.076,0.1689999999999999,0.562,0.094,2006-07
4621,4621,Pat Burke,PHX,33.0,210.82,113.398,Auburn,Ireland,Undrafted,Undrafted,Undrafted,23,2.6,2.0,0.2,-9.4,0.079,0.2269999999999999,0.214,0.424,0.051,2006-07
4637,4637,Sean Marks,PHX,31.0,208.28,113.398,California,New Zealand,1998,2,44,3,2.0,1.0,0.0,-27.9,0.0,0.273,0.17,0.436,0.0,2006-07
4648,4648,Shawn Marion,PHX,29.0,200.66,103.418976,Nevada-Las Vegas,USA,1999,1,9,80,17.5,9.8,1.7,9.9,0.071,0.223,0.192,0.594,0.065,2006-07
4696,4696,Leandro Barbosa,PHX,24.0,190.5,85.275296,None,Brazil,2003,1,28,80,18.1,2.7,4.0,9.7,0.01,0.084,0.2339999999999999,0.595,0.188,2006-07
4705,4705,Kurt Thomas,PHX,34.0,205.74,106.59412,Texas Christian,USA,1995,1,10,67,4.6,5.7,0.4,11.5,0.088,0.276,0.123,0.531,0.026,2006-07
4714,4714,Marcus Banks,PHX,25.0,187.96,90.7184,Nevada-Las Vegas,USA,2003,1,13,45,4.9,0.8,1.3,-12.7,0.022,0.067,0.237,0.497,0.223,2006-07
4772,4772,Steve Nash,PHX,33.0,190.5,88.45044,Santa Clara,Canada,1996,1,15,76,18.6,3.5,11.6,11.5,0.0139999999999999,0.096,0.228,0.654,0.4679999999999999,2006-07
4826,4826,Boris Diaw,PHX,25.0,203.2,104.32616,None,France,2003,1,21,73,9.7,4.3,4.8,5.2,0.05,0.113,0.156,0.57,0.2189999999999999,2006-07
4860,4860,Amar'e Stoudemire,PHX,24.0,208.28,111.13004,None,USA,2002,1,9,82,20.4,9.6,1.0,7.8,0.103,0.228,0.256,0.637,0.049,2006-07
4937,4937,Eric Piatkowski,PHX,37.0,200.66,97.52228,Nebraska,USA,1994,1,15,16,2.4,0.8,0.6,-7.3,0.011,0.085,0.173,0.561,0.141,2007-08
4939,4939,DJ Strawberry,PHX,23.0,195.58,91.171992,Maryland,USA,2007,2,59,33,2.2,0.8,0.9,-3.2,0.034,0.073,0.1889999999999999,0.364,0.165,2007-08
4975,4975,Gordan Giricek,PHX,31.0,198.12,99.79024,None,Croatia,1999,2,40,56,5.8,1.7,1.1,2.5,0.023,0.102,0.192,0.518,0.115,2007-08
4976,4976,Grant Hill,PHX,35.0,203.2,102.0582,Duke,USA,1994,1,3,70,13.1,5.0,2.9,8.5,0.0409999999999999,0.131,0.18,0.5760000000000001,0.13,2007-08
5025,5025,Alando Tucker,PHX,24.0,198.12,92.98636,Wisconsin,USA,2007,1,29,6,3.7,1.3,0.0,-0.2,0.089,0.068,0.25,0.446,0.0,2007-08
5029,5029,Amar'e Stoudemire,PHX,25.0,208.28,112.944408,None,USA,2002,1,9,79,25.2,9.1,1.5,8.3,0.085,0.214,0.282,0.6559999999999999,0.072,2007-08
5066,5066,Boris Diaw,PHX,26.0,203.2,106.59412,None,France,2003,1,21,82,8.8,4.6,3.9,4.3,0.051,0.128,0.1669999999999999,0.516,0.196,2007-08
5078,5078,Brian Skinner,PHX,32.0,205.74,115.66596,Baylor,USA,1998,1,22,66,3.3,3.6,0.2,-1.0,0.085,0.214,0.14,0.485,0.025,2007-08
5139,5139,Raja Bell,PHX,31.0,195.58,97.52228,Florida International,U.S. Virgin Islands,Undrafted,Undrafted,Undrafted,75,11.9,3.7,2.2,7.8,0.022,0.089,0.145,0.561,0.085,2007-08
5152,5152,Sean Marks,PHX,32.0,208.28,113.398,California,New Zealand,1998,2,44,19,3.1,1.9,0.2,-20.1,0.071,0.186,0.2189999999999999,0.574,0.063,2007-08
5158,5158,Shaquille O'Neal,PHX,36.0,215.9,147.4174,Louisiana State,USA,1992,1,1,61,13.6,9.1,1.5,1.2,0.121,0.252,0.2339999999999999,0.589,0.088,2007-08
5278,5278,Leandro Barbosa,PHX,25.0,190.5,91.625584,None,Brazil,2003,1,28,82,15.6,2.8,2.6,3.7,0.02,0.083,0.228,0.575,0.1369999999999999,2007-08
5322,5322,Steve Nash,PHX,34.0,190.5,80.73937600000001,Santa Clara,Canada,1996,1,15,81,16.9,3.5,11.1,10.3,0.013,0.096,0.218,0.6409999999999999,0.447,2007-08
5358,5358,Jared Dudley,PHX,23.0,200.66,102.0582,Boston College,USA,2007,1,22,68,5.5,3.0,0.8,0.5,0.083,0.131,0.143,0.562,0.072,2008-09
5399,5399,Grant Hill,PHX,36.0,203.2,102.0582,Duke,USA,1994,1,3,82,12.0,4.9,2.3,4.4,0.033,0.155,0.176,0.584,0.107,2008-09
5417,5417,Goran Dragic,PHX,23.0,193.04,81.64656,None,Slovenia,2008,2,45,55,4.5,1.9,2.0,0.2,0.053,0.118,0.1939999999999999,0.487,0.222,2008-09
5422,5422,Stromile Swift,PHX,29.0,208.28,99.79024,Louisiana State,USA,2000,1,2,19,3.3,2.4,0.2,-1.8,0.093,0.175,0.1939999999999999,0.46,0.025,2008-09
5425,5425,Steve Nash,PHX,35.0,190.5,80.73937600000001,Santa Clara,Canada,1996,1,15,74,15.7,3.0,9.7,5.2,0.01,0.089,0.211,0.615,0.4029999999999999,2008-09
5439,5439,Shaquille O'Neal,PHX,37.0,215.9,147.4174,Louisiana State,USA,1992,1,1,75,17.8,8.4,1.7,3.1,0.104,0.22,0.245,0.623,0.084,2008-09
5500,5500,Matt Barnes,PHX,29.0,200.66,102.511792,UCLA,USA,2002,2,45,77,10.2,5.5,2.8,1.7,0.045,0.185,0.181,0.537,0.139,2008-09
5534,5534,Robin Lopez,PHX,21.0,213.36,115.66596,Stanford,USA,2008,1,15,60,3.2,2.0,0.1,-2.9,0.099,0.123,0.139,0.5660000000000001,0.019,2008-09
5581,5581,Jason Richardson,PHX,28.0,198.12,102.0582,Michigan State,USA,2001,1,5,72,16.8,4.4,2.0,-0.4,0.038,0.118,0.212,0.5710000000000001,0.092,2008-09
5602,5602,Lou Amundson,PHX,26.0,205.74,102.0582,Nevada-Las Vegas,USA,Undrafted,Undrafted,Undrafted,76,4.2,3.6,0.4,3.2,0.135,0.155,0.145,0.53,0.038,2008-09
5621,5621,Leandro Barbosa,PHX,26.0,190.5,91.625584,None,Brazil,2003,1,28,70,14.2,2.6,2.3,1.2,0.024,0.1,0.241,0.588,0.153,2008-09
5712,5712,Dee Brown,PHX,24.0,182.88,83.91452,Illinois,USA,2006,2,46,19,2.4,1.5,1.9,-5.9,0.0279999999999999,0.098,0.118,0.449,0.185,2008-09
5743,5743,Alando Tucker,PHX,25.0,198.12,92.98636,Wisconsin,USA,2007,1,29,30,4.6,1.0,0.4,2.1,0.07,0.048,0.216,0.509,0.064,2008-09
5747,5747,Amar'e Stoudemire,PHX,26.0,208.28,112.944408,None,USA,2002,1,9,53,21.4,8.1,2.0,3.3,0.076,0.178,0.248,0.617,0.087,2008-09
5810,5810,Robin Lopez,PHX,22.0,213.36,115.66596,Stanford,USA,2008,1,15,51,8.4,4.9,0.1,4.9,0.127,0.151,0.1689999999999999,0.621,0.01,2009-10
5897,5897,Taylor Griffin,PHX,24.0,200.66,107.954896,Oklahoma,USA,2009,2,48,8,1.3,0.3,0.1,1.5,0.0,0.063,0.178,0.425,0.0559999999999999,2009-10
5922,5922,Steve Nash,PHX,36.0,190.5,80.73937600000001,Santa Clara,Canada,1996,1,15,81,16.5,3.3,11.0,7.1,0.016,0.091,0.228,0.615,0.483,2009-10
5972,5972,Dwayne Jones,PHX,27.0,208.28,113.851592,Saint Joseph's,USA,Undrafted,Undrafted,Undrafted,2,0.0,1.0,0.0,16.2,0.0,0.5,0.0,0.0,0.0,2009-10
5977,5977,Earl Clark,PHX,22.0,208.28,102.0582,Louisville,USA,2009,1,14,51,2.7,1.2,0.4,-1.5,0.054,0.13,0.216,0.42,0.093,2009-10
6034,6034,Channing Frye,PHX,27.0,210.82,111.13004,Arizona,USA,2005,1,8,81,11.2,5.3,1.4,8.6,0.036,0.178,0.17,0.598,0.072,2009-10
6051,6051,Amar'e Stoudemire,PHX,27.0,208.28,112.944408,None,USA,2002,1,9,82,23.1,8.9,1.0,5.4,0.098,0.185,0.273,0.615,0.047,2009-10
6140,6140,Leandro Barbosa,PHX,27.0,190.5,91.625584,None,Brazil,2003,1,28,44,9.5,1.6,1.5,8.0,0.016,0.0819999999999999,0.246,0.526,0.125,2009-10
6144,6144,Lou Amundson,PHX,27.0,205.74,107.954896,Nevada-Las Vegas,USA,Undrafted,Undrafted,Undrafted,79,4.7,4.4,0.4,5.1,0.128,0.212,0.147,0.562,0.04,2009-10
6181,6181,Goran Dragic,PHX,24.0,190.5,86.18248,None,Slovenia,2008,2,45,80,7.9,2.1,3.0,4.6,0.031,0.104,0.213,0.5660000000000001,0.264,2009-10
6182,6182,Grant Hill,PHX,37.0,203.2,102.0582,Duke,USA,1994,1,3,81,11.3,5.5,2.4,4.0,0.037,0.16,0.168,0.561,0.111,2009-10
6210,6210,Jared Dudley,PHX,24.0,200.66,102.0582,Boston College,USA,2007,1,22,82,8.2,3.4,1.4,6.5,0.06,0.1,0.138,0.612,0.0819999999999999,2009-10
6213,6213,Jarron Collins,PHX,31.0,210.82,112.944408,Stanford,USA,2001,2,52,34,1.0,1.8,0.2,-0.6,0.089,0.162,0.087,0.405,0.031,2009-10
6220,6220,Jason Richardson,PHX,29.0,198.12,102.0582,Michigan State,USA,2001,1,5,79,15.7,5.1,1.8,6.4,0.039,0.136,0.208,0.574,0.085,2009-10
6254,6254,Channing Frye,PHX,28.0,210.82,111.13004,Arizona,USA,2005,1,8,77,12.7,6.7,1.2,2.3,0.03,0.2019999999999999,0.1689999999999999,0.557,0.0559999999999999,2010-11
6300,6300,Robin Lopez,PHX,23.0,213.36,115.66596,Stanford,USA,2008,1,15,67,6.4,3.2,0.1,-2.0,0.094,0.151,0.201,0.539,0.012,2010-11
6357,6357,Steve Nash,PHX,37.0,190.5,80.73937600000001,Santa Clara,Canada,1996,1,15,75,14.7,3.5,11.4,4.5,0.019,0.099,0.212,0.601,0.498,2010-11
6372,6372,Zabian Dowdell,PHX,26.0,190.5,86.636072,Virginia Tech,USA,Undrafted,Undrafted,Undrafted,24,5.0,0.8,2.1,-4.1,0.018,0.061,0.251,0.457,0.295,2010-11
6385,6385,Vince Carter,PHX,34.0,198.12,99.79024,North Carolina,USA,1998,1,5,73,14.0,3.8,2.0,3.4,0.03,0.123,0.2339999999999999,0.528,0.1159999999999999,2010-11
6441,6441,Aaron Brooks,PHX,26.0,182.88,73.028312,Oregon,USA,2007,1,26,59,10.7,1.3,3.9,-6.5,0.017,0.053,0.257,0.489,0.289,2010-11
6510,6510,Josh Childress,PHX,28.0,203.2,94.800728,Stanford,USA,2004,1,6,54,5.0,2.9,0.8,-5.5,0.09,0.1169999999999999,0.143,0.5670000000000001,0.072,2010-11
6524,6524,Mickael Pietrus,PHX,29.0,198.12,97.52228,None,France,2003,1,11,57,7.2,2.2,0.6,2.0,0.016,0.118,0.183,0.526,0.052,2010-11
6564,6564,Marcin Gortat,PHX,27.0,210.82,108.86208,None,Poland,2005,2,57,80,10.2,7.9,0.9,1.4,0.085,0.27,0.175,0.594,0.057,2010-11
6594,6594,Gani Lawal,PHX,22.0,205.74,106.140528,Georgia Tech,USA,2010,2,46,1,0.0,0.0,0.0,-78.3,0.0,0.0,0.0,0.0,0.0,2010-11
6595,6595,Garret Siler,PHX,24.0,210.82,138.34556,Augusta State,USA,Undrafted,Undrafted,Undrafted,21,2.1,1.3,0.1,-6.1,0.1669999999999999,0.15,0.204,0.5529999999999999,0.0409999999999999,2010-11
6647,6647,Jared Dudley,PHX,25.0,200.66,102.0582,Boston College,USA,2007,1,22,82,10.6,3.9,1.3,-0.2,0.06,0.111,0.17,0.598,0.078,2010-11
6652,6652,Grant Hill,PHX,38.0,203.2,102.0582,Duke,USA,1994,1,3,80,13.2,4.2,2.5,1.5,0.037,0.122,0.201,0.563,0.126,2010-11
6660,6660,Hakim Warrick,PHX,28.0,205.74,99.336648,Syracuse,USA,2005,1,19,80,8.4,3.7,0.9,-4.1,0.073,0.176,0.209,0.581,0.081,2010-11
6678,6678,Hakim Warrick,PHX,29.0,205.74,99.336648,Syracuse,USA,2005,1,19,35,6.4,2.6,0.9,-12.4,0.068,0.142,0.237,0.503,0.111,2011-12
6684,6684,Grant Hill,PHX,39.0,203.2,102.0582,Duke,USA,1994,1,3,49,10.2,3.5,2.2,3.3,0.025,0.11,0.186,0.5,0.1159999999999999,2011-12
6749,6749,Channing Frye,PHX,29.0,210.82,111.13004,Arizona,USA,2005,1,8,64,10.5,5.9,1.4,4.3,0.051,0.2,0.195,0.519,0.077,2011-12
6895,6895,Robin Lopez,PHX,24.0,213.36,115.66596,Stanford,USA,2008,1,15,64,5.4,3.3,0.3,-3.5,0.11,0.152,0.19,0.526,0.039,2011-12
6900,6900,Ronnie Price,PHX,29.0,187.96,86.18248,Utah Valley,USA,Undrafted,Undrafted,Undrafted,36,3.6,1.6,1.9,-2.7,0.04,0.083,0.166,0.465,0.211,2011-12
6983,6983,Michael Redd,PHX,32.0,198.12,97.52228,Ohio State,USA,2000,2,43,51,8.2,1.5,0.6,-8.5,0.02,0.098,0.263,0.511,0.078,2011-12
6986,6986,Sebastian Telfair,PHX,27.0,182.88,77.11064,None,USA,2004,1,13,60,6.1,1.5,2.3,-7.2,0.024,0.095,0.226,0.495,0.285,2011-12
6990,6990,Shannon Brown,PHX,26.0,193.04,95.25432,Michigan State,USA,2006,1,25,59,11.0,2.7,1.2,-2.0,0.03,0.094,0.228,0.507,0.083,2011-12
7002,7002,Steve Nash,PHX,38.0,190.5,80.73937600000001,Santa Clara,Canada,1996,1,15,62,12.5,3.0,10.7,3.8,0.016,0.088,0.1939999999999999,0.625,0.491,2011-12
7039,7039,Josh Childress,PHX,29.0,203.2,95.25432,Stanford,USA,2004,1,6,34,2.9,2.8,1.0,-4.7,0.07,0.158,0.1009999999999999,0.501,0.105,2011-12
7062,7062,Jared Dudley,PHX,26.0,200.66,102.0582,Boston College,USA,2007,1,22,65,12.7,4.6,1.7,2.0,0.054,0.1119999999999999,0.175,0.575,0.084,2011-12
7111,7111,Markieff Morris,PHX,22.0,208.28,111.13004,Kansas,USA,2011,1,13,63,7.4,4.4,1.0,-2.2,0.061,0.2,0.204,0.484,0.087,2011-12
7120,7120,Marcin Gortat,PHX,28.0,210.82,108.86208,None,Poland,2005,2,57,66,15.4,10.0,0.9,1.9,0.1009999999999999,0.247,0.207,0.578,0.045,2011-12
7180,7180,Shannon Brown,PHX,27.0,193.04,95.25432,Michigan State,USA,2006,1,25,59,10.5,2.5,1.8,-8.1,0.035,0.09,0.225,0.493,0.127,2012-13
7216,7216,Wesley Johnson,PHX,25.0,200.66,97.52228,Syracuse,USA,2010,1,4,50,8.0,2.5,0.7,-11.8,0.024,0.12,0.21,0.485,0.061,2012-13
7296,7296,Luis Scola,PHX,33.0,205.74,111.13004,None,Argentina,2002,2,55,82,12.8,6.6,2.2,-6.3,0.08,0.206,0.23,0.516,0.14,2012-13
7315,7315,Kendall Marshall,PHX,21.0,193.04,88.45044,North Carolina,USA,2012,1,13,48,3.0,0.9,3.0,-13.3,0.006,0.062,0.136,0.455,0.306,2012-13
7330,7330,Luke Zeller,PHX,26.0,210.82,111.13004,Notre Dame,USA,Undrafted,Undrafted,Undrafted,16,1.2,0.6,0.2,-34.4,0.0139999999999999,0.1669999999999999,0.195,0.365,0.103,2012-13
7354,7354,PJ Tucker,PHX,28.0,198.12,101.604608,Texas,USA,2006,2,35,79,6.4,4.4,1.4,-4.8,0.077,0.131,0.127,0.525,0.085,2012-13
7368,7368,Marcin Gortat,PHX,29.0,210.82,108.86208,None,Poland,2005,2,57,61,11.1,8.5,1.2,-6.2,0.077,0.243,0.174,0.5429999999999999,0.063,2012-13
7371,7371,Marcus Morris,PHX,23.0,205.74,106.59412,Kansas,USA,2011,1,14,77,7.7,3.6,0.8,-4.2,0.059,0.146,0.188,0.516,0.068,2012-13
7375,7375,Markieff Morris,PHX,23.0,208.28,111.13004,Kansas,USA,2011,1,13,82,8.2,4.8,1.3,-10.1,0.081,0.174,0.198,0.473,0.095,2012-13
7386,7386,Michael Beasley,PHX,24.0,208.28,106.59412,Kansas State,USA,2008,1,2,75,10.1,3.8,1.5,-11.5,0.038,0.17,0.276,0.462,0.125,2012-13
7430,7430,Goran Dragic,PHX,27.0,190.5,86.18248,None,Slovenia,2008,2,45,77,14.7,3.1,7.4,-6.0,0.026,0.081,0.216,0.54,0.344,2012-13
7443,7443,Diante Garrett,PHX,24.0,193.04,86.18248,Iowa State,USA,Undrafted,Undrafted,Undrafted,19,2.1,0.8,1.6,-18.0,0.033,0.074,0.2,0.375,0.352,2012-13
7451,7451,Jared Dudley,PHX,27.0,200.66,102.0582,Boston College,USA,2007,1,22,79,10.9,3.1,2.6,-4.2,0.04,0.088,0.173,0.5820000000000001,0.147,2012-13
7479,7479,Hamed Haddadi,PHX,28.0,218.44,120.20188,None,Iran,Undrafted,Undrafted,Undrafted,30,2.8,3.7,0.4,-2.3,0.143,0.2189999999999999,0.168,0.447,0.0579999999999999,2012-13
7613,7613,Jermaine O'Neal,PHX,34.0,210.82,115.66596,None,USA,1996,1,17,55,8.3,5.3,0.8,-6.8,0.093,0.2289999999999999,0.221,0.5379999999999999,0.074,2012-13
7643,7643,PJ Tucker,PHX,29.0,198.12,101.604608,Texas,USA,2006,2,35,81,9.4,6.5,1.7,2.9,0.071,0.1639999999999999,0.14,0.54,0.08,2013-14
7717,7717,Channing Frye,PHX,31.0,210.82,111.13004,Arizona,USA,2005,1,8,82,11.1,5.1,1.2,6.0,0.036,0.166,0.174,0.555,0.061,2013-14
7741,7741,Viacheslav Kravtsov,PHX,26.0,210.82,115.212368,None,Ukraine,Undrafted,Undrafted,Undrafted,20,1.0,0.9,0.1,-31.9,0.15,0.174,0.18,0.54,0.034,2013-14
7780,7780,Archie Goodwin,PHX,19.0,195.58,89.811216,Kentucky,USA,2013,1,29,52,3.7,1.7,0.4,-7.6,0.051,0.121,0.192,0.507,0.061,2013-14
7845,7845,Shavlik Randolph,PHX,30.0,208.28,107.047712,Duke,USA,Undrafted,Undrafted,Undrafted,14,1.4,1.8,0.1,21.2,0.0969999999999999,0.2019999999999999,0.1119999999999999,0.531,0.0139999999999999,2013-14
7879,7879,Leandro Barbosa,PHX,31.0,190.5,87.996848,None,Brazil,2003,1,28,20,7.5,1.9,1.6,4.9,0.015,0.098,0.1989999999999999,0.506,0.146,2013-14
7886,7886,Markieff Morris,PHX,24.0,208.28,111.13004,Kansas,USA,2011,1,13,81,13.8,6.0,1.8,4.2,0.074,0.182,0.2319999999999999,0.564,0.1119999999999999,2013-14
7889,7889,Marcus Morris,PHX,24.0,205.74,106.59412,Kansas,USA,2011,1,14,82,9.7,3.9,1.1,4.7,0.054,0.15,0.2019999999999999,0.552,0.077,2013-14
7977,7977,Gerald Green,PHX,28.0,203.2,95.25432,None,USA,2005,1,18,82,15.8,3.4,1.5,1.2,0.023,0.111,0.237,0.585,0.085,2013-14
7984,7984,Goran Dragic,PHX,28.0,190.5,86.18248,None,Slovenia,2008,2,45,76,20.3,3.2,5.9,6.5,0.0289999999999999,0.074,0.246,0.604,0.2739999999999999,2013-14
8004,8004,Dionte Christmas,PHX,27.0,195.58,92.98636,Temple,USA,Undrafted,Undrafted,Undrafted,31,2.3,1.2,0.3,-4.9,0.066,0.15,0.17,0.489,0.067,2013-14
8024,8024,Eric Bledsoe,PHX,24.0,185.42,88.45044,Kentucky,USA,2010,1,18,43,17.7,4.7,5.5,4.9,0.021,0.133,0.249,0.578,0.272,2013-14
8055,8055,Miles Plumlee,PHX,25.0,210.82,115.66596,Duke,USA,2012,1,26,80,8.1,7.8,0.5,1.7,0.111,0.24,0.163,0.529,0.033,2013-14
8065,8065,Ish Smith,PHX,25.0,182.88,79.3786,Wake Forest,USA,Undrafted,Undrafted,Undrafted,70,3.7,1.8,2.6,0.9,0.033,0.1119999999999999,0.159,0.4379999999999999,0.275,2013-14
8105,8105,Alex Len,PHX,21.0,215.9,115.66596,Maryland,Ukraine,2013,1,5,42,2.0,2.4,0.1,-5.7,0.118,0.1939999999999999,0.14,0.469,0.017,2013-14
8195,8195,Jerel McNeal,PHX,28.0,190.5,90.7184,Marquette,USA,Undrafted,Undrafted,Undrafted,6,1.5,0.5,0.3,-7.1,0.0,0.107,0.217,0.379,0.118,2014-15
8216,8216,Gerald Green,PHX,29.0,203.2,95.25432,None,USA,2005,1,18,74,11.9,2.5,1.2,0.1,0.025,0.119,0.284,0.532,0.11,2014-15
8223,8223,Eric Bledsoe,PHX,25.0,185.42,88.45044,Kentucky,USA,2010,1,18,81,17.0,5.2,6.1,1.5,0.0289999999999999,0.136,0.238,0.555,0.273,2014-15
8296,8296,TJ Warren,PHX,21.0,203.2,97.52228,North Carolina State,USA,2014,1,14,40,6.1,2.1,0.6,-7.4,0.068,0.0819999999999999,0.177,0.551,0.069,2014-15
8316,8316,Shavlik Randolph,PHX,31.0,208.28,107.047712,Duke,USA,Undrafted,Undrafted,Undrafted,21,1.1,1.8,0.2,-10.9,0.1169999999999999,0.21,0.144,0.298,0.051,2014-15
8321,8321,Seth Curry,PHX,24.0,187.96,83.91452,Duke,USA,Undrafted,Undrafted,Undrafted,2,0.0,1.0,0.5,-22.5,0.0,0.4,0.178,0.0,0.2,2014-15
8399,8399,Marcus Morris,PHX,25.0,205.74,106.59412,Kansas,USA,2011,1,14,81,10.4,4.8,1.6,-1.7,0.039,0.17,0.19,0.52,0.1,2014-15
8401,8401,Marcus Thornton,PHX,28.0,193.04,92.98636,Louisiana State,USA,2009,2,43,48,7.9,1.8,0.8,-2.9,0.034,0.1,0.236,0.514,0.087,2014-15
8404,8404,Markieff Morris,PHX,25.0,208.28,111.13004,Kansas,USA,2011,1,13,82,15.3,6.2,2.3,2.2,0.048,0.1669999999999999,0.2339999999999999,0.523,0.12,2014-15
8427,8427,Reggie Bullock,PHX,24.0,200.66,92.98636,North Carolina,USA,2013,1,25,36,1.9,1.4,0.2,-1.5,0.003,0.159,0.114,0.466,0.038,2014-15
8450,8450,PJ Tucker,PHX,30.0,198.12,101.604608,Texas,USA,2006,2,35,78,9.1,6.4,1.6,-0.3,0.051,0.178,0.139,0.541,0.076,2014-15
8464,8464,Earl Barron,PHX,33.0,213.36,113.398,Memphis,USA,Undrafted,Undrafted,Undrafted,16,2.0,1.8,0.3,-19.7,0.092,0.136,0.153,0.361,0.06,2014-15
8480,8480,Brandan Wright,PHX,27.0,208.28,95.25432,North Carolina,USA,2007,1,8,75,7.3,4.3,0.5,0.1,0.099,0.148,0.138,0.66,0.044,2014-15
8483,8483,Brandon Knight,PHX,23.0,190.5,85.728888,Kentucky,USA,2011,1,8,63,17.0,3.9,5.2,-1.1,0.015,0.119,0.254,0.5429999999999999,0.272,2014-15
8497,8497,Archie Goodwin,PHX,20.0,195.58,89.811216,Kentucky,USA,2013,1,29,41,5.6,1.8,1.1,-15.4,0.049,0.1,0.23,0.486,0.149,2014-15
8509,8509,Alex Len,PHX,22.0,215.9,115.66596,Maryland,Ukraine,2013,1,5,69,6.3,6.6,0.5,0.5,0.102,0.223,0.135,0.542,0.03,2014-15
8588,8588,Danny Granger,PHX,32.0,205.74,100.697424,New Mexico,USA,2005,1,17,30,6.3,2.7,0.6,-8.0,0.0409999999999999,0.1169999999999999,0.161,0.527,0.049,2014-15
8648,8648,Mirza Teletovic,PHX,30.0,205.74,109.769264,None,Bosnia,Undrafted,Undrafted,Undrafted,79,12.2,3.8,1.1,-5.8,0.035,0.1639999999999999,0.233,0.5710000000000001,0.088,2015-16
8734,8734,TJ Warren,PHX,22.0,203.2,104.32616,North Carolina State,USA,2014,1,14,47,11.0,3.1,0.9,-7.2,0.057,0.1,0.198,0.5489999999999999,0.068,2015-16
8744,8744,Sonny Weems,PHX,29.0,198.12,92.98636,Arkansas,USA,2008,2,39,43,2.5,1.2,1.1,-10.7,0.0139999999999999,0.109,0.132,0.4589999999999999,0.148,2015-16
8760,8760,Tyson Chandler,PHX,33.0,215.9,108.86208,None,USA,2001,1,2,66,7.2,8.7,1.0,-12.6,0.1159999999999999,0.272,0.128,0.606,0.064,2015-16
8800,8800,PJ Tucker,PHX,31.0,198.12,111.13004,Texas,USA,2006,2,35,82,8.0,6.2,2.2,-7.2,0.07,0.152,0.127,0.506,0.104,2015-16
8827,8827,Ronnie Price,PHX,33.0,187.96,86.18248,Utah Valley,USA,Undrafted,Undrafted,Undrafted,62,5.3,1.6,2.4,-3.2,0.021,0.068,0.1369999999999999,0.517,0.187,2015-16
8839,8839,Eric Bledsoe,PHX,26.0,185.42,86.18248,Kentucky,USA,2010,1,18,31,20.4,4.0,6.1,-2.2,0.018,0.1119999999999999,0.273,0.557,0.298,2015-16
8874,8874,Devin Booker,PHX,19.0,198.12,93.439952,Kentucky,USA,2015,1,13,76,13.8,2.5,2.6,-9.6,0.0139999999999999,0.083,0.231,0.535,0.162,2015-16
8970,8970,Archie Goodwin,PHX,21.0,195.58,90.7184,Kentucky,USA,2013,1,29,57,8.9,2.5,2.1,-11.0,0.026,0.114,0.231,0.498,0.174,2015-16
8993,8993,Jon Leuer,PHX,27.0,208.28,103.418976,Wisconsin,USA,2011,2,40,67,8.5,5.6,1.1,-3.0,0.065,0.259,0.1989999999999999,0.555,0.09,2015-16
8996,8996,John Jenkins,PHX,25.0,193.04,97.52228,Vanderbilt,USA,2012,1,23,43,4.1,1.3,0.8,-6.6,0.017,0.102,0.174,0.522,0.111,2015-16
9006,9006,Alan Williams,PHX,23.0,203.2,117.93392,California-Santa Barbara,USA,Undrafted,Undrafted,Undrafted,10,2.9,3.8,0.5,-0.2,0.184,0.387,0.201,0.481,0.096,2015-16
9008,9008,Alex Len,PHX,23.0,215.9,117.93392,Maryland,Ukraine,2013,1,5,78,9.0,7.6,1.2,-7.8,0.103,0.248,0.204,0.482,0.087,2015-16
9024,9024,Cory Jefferson,PHX,25.0,205.74,98.883056,Baylor,USA,2014,2,60,8,2.8,2.0,0.0,-10.2,0.122,0.196,0.209,0.446,0.0,2015-16
9049,9049,Brandon Knight,PHX,24.0,190.5,85.728888,Kentucky,USA,2011,1,8,52,19.6,3.9,5.1,-6.8,0.021,0.099,0.263,0.522,0.2339999999999999,2015-16
9068,9068,Chase Budinger,PHX,28.0,200.66,94.800728,Arizona,USA,2009,2,44,66,4.1,2.3,1.0,-0.1,0.048,0.129,0.142,0.514,0.098,2015-16
9080,9080,Tyson Chandler,PHX,34.0,215.9,108.86208,None,USA,2001,1,2,47,8.4,11.5,0.6,-2.9,0.127,0.3389999999999999,0.113,0.703,0.033,2016-17
9083,9083,Tyler Ulis,PHX,21.0,177.8,68.0388,Kentucky,USA,2016,2,34,61,7.3,1.6,3.7,-6.5,0.018,0.073,0.2019999999999999,0.474,0.297,2016-17
9147,9147,Ronnie Price,PHX,34.0,187.96,86.18248,Utah Valley,USA,Undrafted,Undrafted,Undrafted,14,1.0,0.8,1.3,-12.8,0.02,0.068,0.087,0.272,0.188,2016-17
9177,9177,TJ Warren,PHX,23.0,203.2,102.0582,North Carolina State,USA,2014,1,14,66,14.4,5.1,1.1,-6.8,0.064,0.1159999999999999,0.19,0.539,0.0559999999999999,2016-17
9206,9206,Marquese Chriss,PHX,19.0,208.28,105.68693600000002,Washington,USA,2016,1,8,82,9.2,4.2,0.7,-10.8,0.0579999999999999,0.1639999999999999,0.196,0.529,0.051,2016-17
9244,9244,Leandro Barbosa,PHX,34.0,190.5,87.996848,None,Brazil,2003,1,28,67,6.3,1.6,1.2,-1.8,0.018,0.106,0.207,0.509,0.128,2016-17
9274,9274,Alan Williams,PHX,24.0,203.2,117.93392,California-Santa Barbara,USA,Undrafted,Undrafted,Undrafted,47,7.4,6.2,0.5,-0.3,0.138,0.293,0.206,0.547,0.049,2016-17
9355,9355,Devin Booker,PHX,20.0,198.12,93.439952,Kentucky,USA,2015,1,13,78,22.1,3.2,3.4,-4.4,0.018,0.0819999999999999,0.284,0.531,0.16,2016-17
9358,9358,Derrick Jones Jr.,PHX,20.0,200.66,86.18248,Nevada-Las Vegas,USA,Undrafted,Undrafted,Undrafted,32,5.3,2.5,0.4,4.4,0.076,0.078,0.1169999999999999,0.604,0.03,2016-17
9403,9403,Alex Len,PHX,24.0,215.9,117.93392,Maryland,Ukraine,2013,1,5,77,8.0,6.6,0.6,-11.1,0.104,0.251,0.176,0.5529999999999999,0.043,2016-17
9423,9423,Brandon Knight,PHX,25.0,190.5,88.45044,Kentucky,USA,2011,1,8,54,11.0,2.2,2.4,-12.1,0.023,0.094,0.253,0.502,0.1939999999999999,2016-17
9458,9458,Jarell Eddie,PHX,25.0,200.66,98.883056,Virginia Tech,USA,Undrafted,Undrafted,Undrafted,5,4.8,1.4,0.0,-3.4,0.0139999999999999,0.088,0.154,0.523,0.0,2016-17
9460,9460,Jared Dudley,PHX,31.0,200.66,102.0582,Boston College,USA,2007,1,22,64,6.8,3.5,1.9,-1.0,0.024,0.156,0.138,0.579,0.126,2016-17
9491,9491,John Jenkins,PHX,26.0,193.04,97.52228,Vanderbilt,USA,2012,1,23,4,1.8,0.3,0.3,21.6,0.0,0.111,0.182,0.595,0.083,2016-17
9518,9518,Elijah Millsap,PHX,29.0,200.66,97.52228,Alabama-Birmingham,USA,Undrafted,Undrafted,Undrafted,2,1.5,3.0,0.5,-1.8,0.125,0.15,0.1989999999999999,0.19,0.067,2016-17
9527,9527,Dragan Bender,PHX,19.0,215.9,102.0582,None,Croatia,2016,1,4,43,3.4,2.4,0.5,-2.0,0.043,0.155,0.148,0.44,0.057,2016-17
9528,9528,Eric Bledsoe,PHX,27.0,185.42,92.98636,Kentucky,USA,2010,1,18,66,21.1,4.8,6.3,-4.1,0.025,0.139,0.28,0.563,0.309,2016-17
9569,9569,Dragan Bender,PHX,20.0,215.9,102.0582,None,Croatia,2016,1,4,82,6.5,4.4,1.6,-10.3,0.018,0.149,0.125,0.524,0.089,2017-18
9581,9581,Devin Booker,PHX,21.0,198.12,95.25432,Kentucky,USA,2015,1,13,54,24.9,4.5,4.7,-9.3,0.013,0.1119999999999999,0.301,0.561,0.233,2017-18
9624,9624,Elfrid Payton,PHX,24.0,193.04,83.91452,Louisana-Lafayette,USA,2014,1,10,63,12.7,4.3,6.2,-11.7,0.033,0.1169999999999999,0.211,0.5379999999999999,0.3279999999999999,2017-18
9667,9667,Davon Reed,PHX,23.0,198.12,95.25432,Miami,USA,2017,2,32,21,3.0,1.9,0.6,-14.2,0.0069999999999999,0.149,0.158,0.3879999999999999,0.087,2017-18
9692,9692,Danuel House Jr.,PHX,25.0,200.66,99.79024,Texas A&M,USA,Undrafted,Undrafted,Undrafted,23,6.6,3.3,1.1,3.2,0.032,0.14,0.16,0.5329999999999999,0.092,2017-18
9700,9700,Jared Dudley,PHX,32.0,200.66,108.86208,Boston College,USA,2007,1,22,48,3.2,2.0,1.6,0.1,0.011,0.126,0.102,0.5529999999999999,0.153,2017-18
9815,9815,Alex Len,PHX,25.0,215.9,113.398,Maryland,Ukraine,2013,1,5,69,8.5,7.5,1.2,-8.6,0.1159999999999999,0.228,0.1639999999999999,0.612,0.093,2017-18
9818,9818,Alec Peters,PHX,23.0,205.74,106.59412,Valparaiso,USA,2017,2,54,20,4.1,1.9,0.6,7.3,0.032,0.12,0.151,0.523,0.073,2017-18
9820,9820,Alan Williams,PHX,25.0,203.2,120.20188,Cal-Santa Barbara,USA,Undrafted,Undrafted,Undrafted,5,4.0,4.4,1.6,0.1,0.039,0.26,0.184,0.455,0.195,2017-18
9830,9830,Tyson Chandler,PHX,35.0,215.9,108.86208,None,USA,2001,1,2,46,6.5,9.1,1.2,-10.2,0.109,0.241,0.105,0.6579999999999999,0.065,2017-18
9834,9834,Tyler Ulis,PHX,22.0,177.8,72.57472,Kentucky,USA,2016,2,34,71,7.8,1.8,4.4,-8.6,0.0139999999999999,0.061,0.184,0.465,0.282,2017-18
9841,9841,Troy Daniels,PHX,26.0,193.04,92.98636,Va Commonwealth,USA,Undrafted,Undrafted,Undrafted,79,8.9,1.6,0.6,-12.2,0.0069999999999999,0.069,0.168,0.583,0.047,2017-18
9873,9873,T.J. Warren,PHX,24.0,203.2,97.52228,North Carolina State,USA,2014,1,14,65,19.6,5.1,1.3,-9.0,0.055,0.093,0.243,0.541,0.069,2017-18
9917,9917,Marquese Chriss,PHX,20.0,208.28,108.86208,Washington,USA,2016,1,8,72,7.7,5.5,1.2,-8.4,0.046,0.2,0.176,0.509,0.081,2017-18
9971,9971,Mike James,PHX,27.0,185.42,88.45044,Lamar,USA,Undrafted,Undrafted,Undrafted,36,9.3,2.5,3.5,-2.6,0.017,0.104,0.237,0.469,0.2789999999999999,2017-18
9990,9990,Josh Jackson,PHX,21.0,203.2,90.7184,Kansas,USA,2017,1,4,77,13.1,4.6,1.5,-11.7,0.044,0.123,0.253,0.48,0.105,2017-18
10006,10006,Josh Gray,PHX,24.0,185.42,81.64656,None,USA,Undrafted,Undrafted,Undrafted,5,6.4,2.0,2.4,-35.1,0.017,0.104,0.243,0.349,0.24,2017-18
10072,10072,Shaquille Harrison,PHX,24.0,193.04,86.18248,Tulsa,USA,Undrafted,Undrafted,Undrafted,23,6.6,2.7,2.4,6.1,0.023,0.13,0.173,0.54,0.1989999999999999,2017-18
10107,10107,T.J. Warren,PHX,25.0,203.2,97.52228,North Carolina State,USA,2014,1,14,43,18.0,4.0,1.5,-7.7,0.022,0.108,0.221,0.58,0.073,2018-19
10115,10115,Richaun Holmes,PHX,25.0,208.28,106.59412,Bowling Green,USA,2015,2,37,70,8.2,4.7,0.9,-5.4,0.095,0.173,0.174,0.647,0.0819999999999999,2018-19
10119,10119,Ray Spalding,PHX,22.0,208.28,97.52228,Louisville,USA,2018,2,56,14,3.9,3.4,0.4,-6.8,0.091,0.19,0.1639999999999999,0.516,0.052,2018-19
10126,10126,Quincy Acy,PHX,28.0,200.66,108.86208,Baylor,USA,2012,2,37,10,1.7,2.5,0.8,2.8,0.022,0.153,0.088,0.379,0.088,2018-19
10250,10250,Tyler Johnson,PHX,27.0,193.04,86.18248,Fresno State,USA,Undrafted,Undrafted,Undrafted,57,10.9,3.0,2.9,-4.0,0.021,0.087,0.18,0.532,0.165,2018-19
10255,10255,Troy Daniels,PHX,27.0,193.04,92.98636,Va Commonwealth,USA,Undrafted,Undrafted,Undrafted,51,6.2,1.4,0.5,-6.4,0.016,0.079,0.171,0.5579999999999999,0.052,2018-19
10269,10269,Elie Okobo,PHX,21.0,190.5,86.18248,None,France,2018,2,31,53,5.7,1.8,2.4,-9.9,0.012,0.092,0.168,0.489,0.198,2018-19
10284,10284,Devin Booker,PHX,22.0,198.12,95.25432,Kentucky,USA,2015,1,13,64,26.6,4.1,6.8,-6.9,0.017,0.099,0.32,0.584,0.327,2018-19
10300,10300,Dragan Bender,PHX,21.0,215.9,102.0582,None,Croatia,2016,1,4,46,5.0,4.0,1.2,-8.1,0.04,0.168,0.13,0.521,0.094,2018-19
10337,10337,George King,PHX,25.0,198.12,99.79024,University of Colorado Boulder,USA,2018,2,59,1,0.0,1.0,0.0,-75.0,0.0,0.25,0.0,0.0,0.0,2018-19
10404,10404,De'Anthony Melton,PHX,21.0,193.04,90.7184,USC,USA,2018,2,46,50,5.0,2.7,3.2,-7.9,0.025,0.114,0.147,0.466,0.214,2018-19
10411,10411,Deandre Ayton,PHX,20.0,215.9,113.398,Arizona,Bahamas,2018,1,1,71,16.3,10.3,1.8,-8.1,0.1009999999999999,0.24,0.21,0.608,0.094,2018-19
10528,10528,Mikal Bridges,PHX,22.0,200.66,95.25432,Villanova,USA,2018,1,10,82,8.3,3.2,2.1,-6.8,0.023,0.085,0.119,0.556,0.0969999999999999,2018-19
10552,10552,Jimmer Fredette,PHX,30.0,187.96,88.45044,Brigham Young,USA,2011,1,10,6,3.7,1.2,1.3,-25.5,0.013,0.088,0.242,0.348,0.2,2018-19
10569,10569,Jamal Crawford,PHX,39.0,195.58,83.91452,Michigan,USA,2000,1,8,64,7.9,1.3,3.6,-15.1,0.006,0.061,0.198,0.522,0.283,2018-19
10598,10598,Kelly Oubre Jr.,PHX,23.0,200.66,92.98636,Kansas,USA,2015,1,15,69,15.2,4.7,1.2,-6.0,0.035,0.126,0.223,0.551,0.067,2018-19
10626,10626,Josh Jackson,PHX,22.0,203.2,90.7184,Kansas,USA,2017,1,4,79,11.5,4.4,2.3,-9.6,0.032,0.136,0.2339999999999999,0.487,0.142,2018-19
10689,10689,Mikal Bridges,PHX,23.0,198.12,94.800728,Villanova,USA,2018,1,10,73,9.1,4.0,1.8,2.9,0.032,0.107,0.125,0.62,0.086,2019-20
10700,10700,Kelly Oubre Jr.,PHX,24.0,200.66,92.079176,Kansas,USA,2015,1,15,56,18.7,6.4,1.5,0.2,0.034,0.151,0.2189999999999999,0.56,0.066,2019-20
10793,10793,Ty Jerome,PHX,22.0,195.58,88.45044,Virginia,USA,2019,1,24,31,3.3,1.5,1.4,-13.5,0.019,0.12,0.17,0.425,0.222,2019-20
10794,10794,Tariq Owens,PHX,25.0,208.28,92.98636,Texas Tech,USA,Undrafted,Undrafted,Undrafted,3,1.3,1.0,0.0,-43.4,0.105,0.067,0.171,0.34,0.0,2019-20
10834,10834,Ricky Rubio,PHX,29.0,190.5,86.18248,None,Spain,2009,1,5,65,13.0,4.7,8.8,4.0,0.023,0.128,0.1989999999999999,0.535,0.377,2019-20
10927,10927,Cheick Diallo,PHX,23.0,203.2,99.336648,Kansas,Mali,2016,2,33,47,4.7,2.8,0.5,-3.8,0.063,0.208,0.1689999999999999,0.688,0.076,2019-20
10928,10928,Dario Saric,PHX,26.0,208.28,102.0582,None,Croatia,2014,1,12,66,10.7,6.2,1.9,-1.2,0.06,0.186,0.174,0.5920000000000001,0.105,2019-20
10935,10935,Devin Booker,PHX,23.0,195.58,93.439952,Kentucky,USA,2015,1,13,70,26.6,4.2,6.5,2.7,0.012,0.106,0.294,0.618,0.288,2019-20
10947,10947,Deandre Ayton,PHX,21.0,210.82,113.398,Arizona,Bahamas,2018,1,1,38,18.2,11.5,1.9,4.0,0.12,0.225,0.231,0.568,0.091,2019-20
10967,10967,Aron Baynes,PHX,33.0,208.28,117.93392,Washington State,Australia,Undrafted,Undrafted,Undrafted,42,11.5,5.6,1.6,-1.5,0.075,0.178,0.205,0.581,0.108,2019-20
11001,11001,Cameron Payne,PHX,25.0,185.42,83.007336,Murray State,USA,2015,1,14,8,10.9,3.9,3.0,23.1,0.023,0.131,0.182,0.612,0.182,2019-20
11002,11002,Cameron Johnson,PHX,24.0,203.2,95.25432,North Carolina,USA,2019,1,11,57,8.8,3.3,1.2,1.0,0.037,0.109,0.151,0.586,0.078,2019-20
11046,11046,Jalen Lecque,PHX,20.0,193.04,83.91452,None,USA,Undrafted,Undrafted,Undrafted,5,2.0,0.4,0.4,-20.2,0.0,0.057,0.186,0.46,0.118,2019-20
11072,11072,Jonah Bolden,PHX,24.0,203.2,102.0582,UCLA,Australia,2017,2,36,7,1.4,1.3,0.0,-3.2,0.064,0.14,0.13,0.392,0.0,2019-20
11084,11084,Jevon Carter,PHX,24.0,185.42,90.7184,West Virginia,USA,2018,2,32,58,4.9,2.0,1.4,0.7,0.031,0.09,0.127,0.563,0.129,2019-20
11096,11096,Frank Kaminsky,PHX,27.0,213.36,108.86208,Wisconsin,USA,2015,1,9,39,9.7,4.5,1.9,-1.0,0.043,0.179,0.204,0.545,0.144,2019-20
11107,11107,Elie Okobo,PHX,22.0,190.5,86.18248,None,France,2018,2,31,55,4.0,1.6,2.1,-3.2,0.022,0.102,0.147,0.516,0.2269999999999999,2019-20
11161,11161,Langston Galloway,PHX,29.0,185.42,90.7184,St. Joseph's (PA),USA,Undrafted,Undrafted,Undrafted,40,4.8,1.1,0.7,3.2,0.017,0.08,0.163,0.605,0.08,2020-21
11198,11198,Mikal Bridges,PHX,24.0,198.12,94.800728,Villanova,USA,2018,1,10,72,13.5,4.3,2.1,7.4,0.035,0.099,0.147,0.667,0.085,2020-21
11237,11237,Jevon Carter,PHX,25.0,185.42,90.7184,West Virginia,USA,2018,2,32,60,4.1,1.5,1.2,3.3,0.022,0.107,0.146,0.5479999999999999,0.136,2020-21
11326,11326,Torrey Craig,PHX,30.0,200.66,100.243832,South Carolina Upstate,USA,Undrafted,Undrafted,Undrafted,50,5.5,3.9,1.0,-3.7,0.07,0.185,0.141,0.579,0.084,2020-21
11375,11375,Ty-Shon Alexander,PHX,22.0,190.5,88.45044,Creighton,USA,Undrafted,Undrafted,Undrafted,15,0.6,0.7,0.4,-6.0,0.038,0.157,0.143,0.349,0.2,2020-21
11473,11473,Chris Paul,PHX,36.0,182.88,79.3786,Wake Forest,USA,2005,1,4,70,16.4,4.5,8.9,6.5,0.012,0.131,0.221,0.599,0.405,2020-21
11487,11487,Cameron Payne,PHX,26.0,185.42,83.007336,Murray State,USA,2015,1,14,60,8.4,2.4,3.6,7.8,0.016,0.119,0.193,0.602,0.281,2020-21
11489,11489,Cameron Johnson,PHX,25.0,203.2,95.25432,North Carolina,USA,2019,1,11,60,9.6,3.3,1.4,5.7,0.023,0.118,0.1639999999999999,0.563,0.083,2020-21
11503,11503,Dario Saric,PHX,27.0,208.28,102.0582,None,Croatia,2014,1,12,50,8.7,3.8,1.3,11.5,0.055,0.168,0.218,0.5670000000000001,0.104,2020-21
11546,11546,Abdel Nader,PHX,27.0,195.58,102.0582,Iowa State,Egypt,2016,2,58,24,6.7,2.6,0.8,5.0,0.02,0.151,0.183,0.605,0.078,2020-21
11616,11616,Jalen Smith,PHX,21.0,208.28,97.52228,Maryland,USA,2020,1,10,27,2.0,1.4,0.1,-4.4,0.044,0.174,0.161,0.499,0.037,2020-21
11627,11627,Jae Crowder,PHX,30.0,198.12,106.59412,Marquette,USA,2012,2,34,60,10.1,4.7,2.1,6.3,0.02,0.146,0.152,0.574,0.102,2020-21
11652,11652,Devin Booker,PHX,24.0,195.58,93.439952,Kentucky,USA,2015,1,13,67,25.6,4.2,4.3,7.2,0.016,0.108,0.319,0.5870000000000001,0.2,2020-21
11665,11665,Deandre Ayton,PHX,22.0,210.82,113.398,Arizona,Bahamas,2018,1,1,69,14.4,10.5,1.4,6.3,0.1169999999999999,0.236,0.179,0.653,0.066,2020-21
11675,11675,Frank Kaminsky,PHX,28.0,213.36,108.86208,Wisconsin,USA,2015,1,9,47,6.6,4.0,1.7,4.6,0.051,0.208,0.185,0.547,0.154,2020-21
11699,11699,E'Twaun Moore,PHX,32.0,190.5,86.636072,Purdue,USA,2011,2,55,27,4.9,1.7,1.5,0.5,0.035,0.08,0.1639999999999999,0.523,0.14,2020-21
11710,11710,Gabriel Lundberg,PHX,27.0,193.04,92.079176,None,Denmark,Undrafted,Undrafted,Undrafted,4,3.3,1.8,2.8,18.3,0.04,0.119,0.191,0.342,0.268,2021-22
11755,11755,Frank Kaminsky,PHX,29.0,213.36,108.86208,Wisconsin,USA,2015,1,9,9,10.6,4.6,1.4,9.6,0.06,0.144,0.185,0.635,0.105,2021-22
11767,11767,Emanuel Terry,PHX,25.0,205.74,99.79024,Lincoln Memorial,USA,Undrafted,Undrafted,Undrafted,3,0.0,5.0,0.7,-50.3,0.286,0.389,0.1889999999999999,0.0,0.222,2021-22
11769,11769,Elfrid Payton,PHX,28.0,190.5,88.45044,Louisana-Lafayette,USA,2014,1,10,50,3.0,1.8,2.0,-2.0,0.035,0.115,0.175,0.397,0.252,2021-22
11813,11813,JaVale McGee,PHX,34.0,213.36,122.46984,Nevada-Reno,USA,2008,1,18,74,9.2,6.7,0.6,5.8,0.134,0.266,0.214,0.6509999999999999,0.055,2021-22
11819,11819,Ish Wainright,PHX,27.0,195.58,113.398,Baylor,USA,Undrafted,Undrafted,Undrafted,45,2.4,1.2,0.3,5.6,0.066,0.072,0.134,0.494,0.057,2021-22
11846,11846,Jae Crowder,PHX,31.0,198.12,106.59412,Marquette,USA,2012,2,34,67,9.4,5.3,1.9,10.2,0.017,0.16,0.146,0.541,0.08,2021-22
11871,11871,Cameron Payne,PHX,27.0,185.42,83.007336,Murray State,USA,2015,1,14,58,10.8,3.0,4.9,6.3,0.018,0.109,0.235,0.5,0.318,2021-22
11874,11874,Cameron Johnson,PHX,26.0,203.2,95.25432,North Carolina,USA,2019,1,11,66,12.5,4.1,1.5,6.2,0.023,0.123,0.1669999999999999,0.625,0.079,2021-22
11886,11886,Bismack Biyombo,PHX,29.0,203.2,115.66596,None,DRC,2011,1,7,36,5.8,4.6,0.6,5.6,0.1169999999999999,0.207,0.1669999999999999,0.596,0.064,2021-22
11897,11897,Abdel Nader,PHX,28.0,195.58,102.0582,Iowa State,Egypt,2016,2,58,14,2.4,1.9,0.5,-0.9,0.026,0.145,0.139,0.431,0.065,2021-22
11900,11900,Aaron Holiday,PHX,25.0,182.88,83.91452,UCLA,USA,2018,1,23,63,6.3,1.9,2.4,-1.4,0.023,0.092,0.182,0.544,0.223,2021-22
11957,11957,Deandre Ayton,PHX,23.0,210.82,113.398,Arizona,Bahamas,2018,1,1,58,17.2,10.2,1.4,9.6,0.093,0.241,0.217,0.6559999999999999,0.071,2021-22
11967,11967,Chris Paul,PHX,37.0,182.88,79.3786,Wake Forest,USA,2005,1,4,65,14.7,4.4,10.8,10.0,0.011,0.113,0.1969999999999999,0.581,0.434,2021-22
11976,11976,Chandler Hutchison,PHX,26.0,198.12,95.25432,Boise State,USA,2018,1,22,6,0.7,0.8,0.3,27.3,0.0,0.1669999999999999,0.111,0.6940000000000001,0.105,2021-22
11990,11990,Devin Booker,PHX,25.0,195.58,93.439952,Kentucky,USA,2015,1,13,68,26.8,5.0,4.8,9.5,0.02,0.1169999999999999,0.313,0.5760000000000001,0.212,2021-22
12049,12049,Paris Bass,PHX,26.0,203.2,90.7184,Detroit Mercy,USA,Undrafted,Undrafted,Undrafted,2,3.0,2.0,0.0,0.7,0.2,0.222,0.36,0.436,0.0,2021-22
12084,12084,Torrey Craig,PHX,31.0,200.66,100.243832,South Carolina Upstate,USA,Undrafted,Undrafted,Undrafted,78,6.6,4.0,1.2,-5.0,0.05,0.1369999999999999,0.139,0.556,0.0819999999999999,2021-22
12179,12179,Landry Shamet,PHX,25.0,193.04,86.18248,Wichita State,USA,2018,1,26,69,8.3,1.8,1.6,4.9,0.01,0.072,0.16,0.55,0.104,2021-22
12224,12224,Justin Jackson,PHX,27.0,203.2,99.79024,UNC,USA,2017,1,15,7,2.1,1.0,0.3,-15.6,0.019,0.1669999999999999,0.177,0.472,0.125,2021-22
12245,12245,Mikal Bridges,PHX,25.0,198.12,94.800728,Villanova,USA,2018,1,10,82,14.2,4.2,2.3,9.8,0.027,0.089,0.149,0.627,0.084,2021-22
12276,12276,M.J. Walker,PHX,24.0,195.58,96.615096,Florida State,USA,Undrafted,Undrafted,Undrafted,2,0.0,0.5,0.5,-19.5,0.0,0.143,0.138,0.0,0.1669999999999999,2021-22
